Time,V1,V2,V3,V4,V5,V6,V7,V8,V9,V10,V11,V12,V13,V14,V15,V16,V17,V18,V19,V20,V21,V22,V23,V24,V25,V26,V27,V28,Amount,Class
0,0.4967141530112327,-0.13826430117118466,0.6476885381006925,1.5230298564080254,-0.23415337472333597,-0.23413695694918055,1.5792128155073915,0.7674347291529088,-0.4694743859349521,0.5425600435859647,-0.46341769281246226,-0.46572975357025687,0.24196227156603412,-1.913280244657798,-1.7249178325130328,-0.5622875292409727,-1.0128311203344238,0.3142473325952739,-0.9080240755212109,-1.4123037013352915,1.465648768921554,-0.22577630048653566,0.06752820468792384,-1.4247481862134568,-0.5443827245251827,0.11092258970986608,-1.1509935774223028,0.37569801834567196,33.46,1
10,-0.6002538501059117,0.9474398210466388,0.2910340012621822,-0.6355597402746394,-1.0215521946755979,-0.16175538639752096,-0.5336488038424868,-0.005527862320126283,-0.22945045383195653,0.38934891325612325,-1.265119113922642,1.0919922643576712,2.7783130415524404,1.1936397242823173,0.21863831605386247,0.8817610389486106,-1.0090853428651076,-1.5832942135368875,0.7737004168336818,-0.5381416616629597,-1.3466780973613461,-0.8805912660471066,-1.1305523046815669,0.1344288826280219,0.5821227947130392,0.8877484595933572,0.8943323301087615,0.7549977972447358,37.95,0
20,-0.8392175232226385,-0.3092123758512146,0.33126343140356396,0.9755451271223592,-0.47917423784528995,-0.18565897666381712,-1.1063349740060282,-1.1962066240806708,0.812525822394198,1.356240028570823,-0.07201012158033385,1.0035328978920242,0.36163602504763415,-0.6451197546051243,0.36139560550841393,1.5380365664659692,-0.03582603910995154,1.5646436558140062,-2.6197451040897444,0.8219025043752238,0.08704706823817122,-0.29900735046586746,0.0917607765355023,-1.9875689146008928,-0.21967188783751193,0.3571125715117464,1.477894044741516,-0.5182702182736474,115.17,0
30,-0.21216142171162652,-0.42686879403972283,0.5014483315248052,1.1581866529320277,0.25711687005627937,0.3145128958631717,1.3718621335497765,0.17555329395483268,-0.30928854644457765,0.6731255027739751,-0.2566301826925544,-0.36782572413276127,1.273733620139556,-0.2919526708256201,-2.65517604756347,0.3455179438887663,-0.39551645158029325,-0.289136856469942,0.45293632653350946,-0.16606090835106535,0.214938830094755,-2.022314933195735,-0.9430568084672624,1.4039587386592935,-0.018550804511640224,-1.6735046219902232,-1.0725318344356576,-0.9925861794031905,19.41,0
40,0.06023020994102644,2.463242112485286,-0.19236096478112252,0.30154734233361247,-0.03471176970524331,-1.168678037619532,1.1428228145150205,0.7519330326867741,0.7910319470430469,-0.9093874547947389,1.4027943109360992,-1.4018510627922809,0.5868570938002703,2.1904556258099785,-0.9905363251306883,-0.5662977296027719,0.09965136508764122,-0.5034756541161992,-1.5506634310661327,0.06856297480602733,-1.0623037137261049,0.4735924306351816,-0.9194242342338032,1.5499344050175394,-0.7832532923362371,-0.3220615162056756,0.8135172173696698,-1.2308643164339552,408.79,0
50,1.3638865244171052,2.5391627162693324,-0.32449095782889326,-0.20586671709550497,-1.440041447683798,1.1907272561136402,1.2993968142644874,-0.8671461560495533,0.617640845511145,1.2170707969801102,0.22628826949887482,0.8474014325766388,0.17483301199147133,-1.216854892359239,1.0493473923208656,1.325105661514201,0.7345010648800456,-0.9544972619614205,-0.7511794246639284,-1.1304280531205302,0.7699773599307934,1.268389522403902,0.4244862440564507,0.9405355849620096,-0.8676410899793746,0.14586185242830943,-1.3698710567162966,-0.7717807494932586,122.75,0
60,-0.0771017094141042,0.3411519748166439,0.27669079933001905,0.8271832490360238,0.01300189187790702,1.4535340771573169,-0.2646568332379561,2.720169166589619,0.6256673477650062,-0.8571575564162826,-1.0708924980611123,0.4824724152431853,-0.2234627853258509,0.714000494092092,0.47323762457354485,-0.07282891265687277,-0.846793718068405,-1.5148472246858646,-0.4465149520670211,0.8563987943234723,0.21409374413020396,-1.245738778711988,0.173180925851182,0.3853173797288368,-0.883857436201133,0.1537251059455279,0.058208718445999896,-1.142970297830623,438.81,0
70,0.8724471576604531,1.0661985440977382,-0.9590080964267789,1.3820046041719432,0.9051219599565592,-0.6039043724845287,0.30444911987085255,0.2572074909801068,0.02393181446583695,0.8719139888123928,1.4373563283335271,0.007306372740632225,1.3308813279720855,0.9882026105041117,0.23229615817640498,0.17618092205232136,-1.152565371660015,-1.500768393207174,0.16502279810933854,-0.8559289178293682,-0.03963614203961917,-0.5346627418500639,-1.7884965049804966,0.3573045419366339,-0.4145318053898915,0.08019871254081459,-0.8931202736292231,-0.33481724739473373,261.6,0
80,-0.7153037092599682,0.6795977489346758,-0.7303666317171367,0.21645858958197486,0.045571839903813784,-0.6516003476058171,2.1439440893253257,0.6339190223180112,-2.025142586657607,0.18645431476942764,-0.661786464768388,0.852433334796224,-0.7925207384327007,-0.11473644146689901,0.5049872789804571,0.8657551941701215,-1.2002964070557762,-0.3345012358409484,-0.4749453111609562,-0.6533292325737119,1.7654542402810969,0.40498171096095553,-1.2608839543350452,0.9178619470547761,2.1221561970126332,1.0324652605511468,-1.5193699659540134,-0.48423407286625136,178.63,0
90,-0.237391961206669,1.8720056804723042,-0.019442140899548193,-0.9325916565610811,-1.2949424744798599,-0.10511850474641372,-1.9949615715576492,-1.3001928415934398,1.5430676518590838,1.3232638071512366,-0.1284121465397082,-0.4656647712545464,0.05850890230684416,2.3479969284503226,0.4049755087705251,0.9097381749598169,-0.20245752583155116,0.060896607117160384,0.6471626967870439,0.12609482782402903,-1.8973769824886577,1.2805407616774638,-0.6151336777713305,2.111317641616252,0.6868485127659709,0.07097241563974602,0.4393271401034342,-0.10849788856351314,452.77,0
100,0.28099186773503265,-0.6226995198205938,-0.20812225035727522,-0.4930009346588328,-0.5893647569442115,0.8496020970210246,0.35701548596504734,-0.6929095952606542,0.8995998754332507,0.30729952087660933,0.8128621188389601,0.6296288419236122,-0.8289950109220723,-0.5601810401969696,0.7472936051232618,0.6103702654334648,-0.020901593964148132,0.117327383308782,1.277664895788425,-0.5915713888358299,0.5470973811700379,-0.20219265243389406,-0.2176812032272203,1.09877685198719,0.8254163489880298,0.8135096360006385,1.305478807154329,0.02100384163275905,160.7,0
110,-0.23922479786975515,0.8539747110678559,-0.2710404622885425,-0.6130946829083779,1.9123176398399706,1.065227082546918,-1.792045100135215,-0.4467735117899077,1.2049229217785742,-1.196660469213522,0.7706783295231111,0.6670561034697914,-0.6991465780919173,-0.008817046245807649,-2.0900177486302796,1.7704315165667186,-0.3090925091969218,0.8038130513762585,0.6138413414754245,1.3578807880999881,-0.4333034069025602,0.2038227275274671,0.5591092026145276,0.8725415914304794,1.1543543384089239,-0.4773817305753208,-0.6642274433044227,1.3601113662481714,42.67,0
120,0.3109075655980046,1.475356216949552,0.8576596232020194,-0.1599385299634271,-0.01901620790268883,-1.0025293646378088,-0.01851313599238993,-0.2886586389201383,0.3227185603380895,-0.827230943552323,0.5193465142411723,1.5327389130025777,-0.1087601484568576,0.40171172209894146,0.6901439917111125,-0.40122047188583626,0.22409248181041677,0.01259240078179486,0.09767609854883172,-0.7730097838554665,0.024510174258942714,0.49799829124544975,1.4511436077950417,0.9592708260852069,2.1531824575115563,-0.7673475628880495,0.8723206367206782,0.18334200573835174,23.68,0
130,-0.11093193562951016,0.9763091264811027,-1.4528494590723608,0.7840064109141683,-0.1577239582541034,-1.3550579555179323,1.0326004040179766,-1.810131324996016,-1.912706517064219,0.36247645880530205,0.571347510326788,0.9705238200132107,0.7419630165294652,1.476658625429629,0.700242953362419,-0.13229944394246262,-0.07361111579190632,-0.28222118898721094,0.29547752442318337,-1.0973458685666584,0.34092219855895356,-0.08641350683161349,0.27563515788740767,0.27872303497066114,-2.452264601315733,-0.901293818664668,-0.10862866408885558,-0.05548495829767373,432.5,0
140,0.005243699718183166,0.046980593764742055,-0.45006547147924364,0.6228499323474987,-1.0676204293825944,-0.1423794850212935,0.12029563171189886,0.514438834058749,0.7116148780888898,-1.1246420918378692,-1.5341141707356223,1.277676821898509,0.33231401197959165,-0.7484865365565536,1.551151975522523,0.11567463429285867,1.1792971840638264,0.06751848141010895,2.060747924881987,1.7553408424432044,-0.2489641484790735,0.9715709509543554,0.6453759495851475,1.3686315575323487,-0.9649234605801045,0.6860514599984393,1.0584244868495878,-1.7587394864231143,196.73,0
150,0.8860635602461532,-0.13707782104185295,0.20013441917342262,-2.17086582813041,-0.4867144960427494,1.3344456408641356,0.9815473767300812,0.330700557063932,-0.014718258634936664,0.7964054296963266,-0.28138510655108645,-1.6646931961950078,-0.006199139673872496,0.40311932708557713,1.122677684798021,-1.4411957604959986,-0.12291130655145516,-0.07530365475512335,-1.1012519048471119,0.48767327492329376,0.7473680316118015,-0.2906923080310432,2.0550926086214725,-0.31936000753365823,-0.44668347069066705,-0.4756713479686023,-0.8154990732884886,-0.5590254932338569,45.26,0
160,-0.10703035995455783,-1.035242322419374,-0.553649305347182,-1.1978778925888485,1.9647251329163893,0.03526355197172861,-0.6997255079925856,0.213979910734222,-0.11232804969082982,-0.22096959953322298,0.6141667000434252,0.7575077100473051,-0.5305011476105275,-0.57581824064468,-0.275051697151644,-2.301921164735585,-1.5151910621985523,1.3668742674445247,1.6449677135012837,-0.24903603955637832,0.5765569630557664,0.3112501545435361,3.0788808084552377,1.1195749114345768,-0.12791759148076653,-0.9555404406004258,-1.6064463202575725,0.2034636358672231,135.35,0
170,-0.18690512256040892,-0.04779087737353801,-1.0612626329465904,-0.6543733461130157,-0.773224970452823,-0.3507892451728689,0.21822273253109625,0.9105641223710805,1.0553309965464146,0.6536342613353238,-0.8739741194850966,-0.0032959203273537846,2.3743294034923883,1.0145326926872977,-0.440504558873525,1.58203818296378,-0.38806918979741406,-0.6684019683032681,1.395731935928564,-1.3096492900118983,-1.9137775802683563,0.941284578060475,0.02769093161621279,0.1273654785371559,-0.3614228394269773,-0.23849336738405827,-0.4581099028313764,-0.6259929302544003,81.18,0
180,-0.5923939242388692,-0.863990769679816,0.04852162794482699,-0.8309501164110378,0.2704568257798388,-0.05023810944913695,-0.23894804686640975,-0.9075636620415979,-0.5767713305683327,0.755391225825756,0.5009171876243808,-0.977555244798551,0.09933230542922587,0.751387123371789,-1.6694052811213718,0.543360192379935,-0.6626237589458467,0.5705986685931593,-0.7632591565425169,-1.804882100664519,-1.6275424378831627,0.048084946661381994,0.25972250172148187,-0.9043166251044086,0.6385924587773739,-1.6615200622689599,-0.06607979864731657,-1.2110161997624567,266.76,0
190,-0.14855140500704944,-0.4074601376352653,-0.6019686788963846,0.7602510946353603,1.1063291048284427,0.7716381493013362,-0.7233390824512339,2.4338480784024163,-1.770243188341892,-1.0326290690342947,0.1697292843903737,0.08939391914564943,0.48804407937874933,1.5801340950752016,-0.11985091936559887,0.11372946021298058,-0.5945160527242493,0.5883285184606423,-0.31847851065033933,-0.31905702106634304,0.5434831529637776,1.034920927080599,-2.208106551673877,0.36077842467342836,-0.2702033186775383,0.9476169376614091,-0.2501226010745113,1.3010524331622997,189.1,0
200,-1.8707919210258557,-0.35151348404130867,0.0184183791895517,1.6764373122752827,0.32692737376416264,-0.21910052880886424,0.8294055811834892,-2.211135309007885,0.23561455810856594,0.7708651938869668,-1.4785862457798415,1.143754043206929,0.3384964074944141,-0.4152879139008013,0.6327818661062848,2.270692857804396,0.18186625505849516,0.24822058630033608,-0.4593608995402441,-0.8498443694647918,0.8303358165442456,-0.8560838259088672,0.07156623721939247,-0.4776574467651167,0.47897982574639186,0.3336621052869483,1.0375399442578992,-0.510016398854747,56.21,0
210,1.286974963849594,-0.4446375582456402,-0.42740794244947544,-0.5526457733470056,0.9638503187153616,0.9735574475201241,1.385903321291099,1.008602949848836,-1.6322180794285188,0.28096432091819923,-1.058385402847052,-0.5129143749714155,0.17059420358086325,0.8355653983499038,-0.8908433424510777,-2.3247196614524013,0.18053084180543139,2.6435715833985505,-0.20284621967015248,0.046915434950258676,1.7821636185360787,0.5902746190617881,0.2168610369829383,0.44211666531347293,0.2502439325736485,-1.139754428156706,-1.3414451577996975,1.8868281121242367,368.49,0
220,-0.9896048202585809,-0.12578692009964815,0.055724912288694604,1.0941915184709485,-1.6924646297148194,1.5295503194606137,-0.15800789857898942,-0.42688106994742003,-1.0121043752601675,-1.6548566718657693,0.8231705839619146,0.07331796718840389,-1.2899608997410539,-1.295078772063616,-0.3357846992901282,1.669021525289393,-0.2595913513636048,-1.5031429531181062,-0.24574306408594432,-0.2727235697476705,-2.6968866429415717,-0.05429486651781221,-0.23093453020867796,0.6962063648134184,1.8489560949453452,1.1265650295477574,-0.26888869055483056,-1.1065259087416703,43.59,0
230,0.0006991175571747527,0.1582559809533675,-0.6775662127337071,0.14928656347247762,-0.7825437052344801,0.6742804687467753,-0.11484401948302342,0.1550366235955187,2.569926839690334,-1.1071044546000215,1.388582269040288,-2.6593513570493728,-2.078376654918943,-1.2406400776875708,-1.1775283652749364,0.20370179813884956,0.28984226416846787,-0.2548212683723646,-0.14987796676246168,0.5277647609316608,0.8332238776207417,-1.326539016109759,-0.3618909712330037,-0.06958982291301025,0.4853159965604532,-0.7726671422734709,-0.08922117559367017,0.029983634527157816,111.76,0
240,0.7216720640432351,-1.1290517712172292,-0.5245202662797737,0.48937456122791806,-1.2221278088919454,0.7129984301723881,-0.24032539815813503,-0.3748208075495975,0.7109599682034915,0.44426331148603976,-0.3609661658190799,1.159329803364248,-1.0810633275998973,0.6159356069442637,0.5931012579683838,-0.3095464393139903,0.326133022242118,-1.251113576385303,0.924027019206901,-0.18490213644298903,-0.5227230205190395,1.0490092258368893,-0.7043436905427592,-1.4084612963635597,-1.5566291735239037,0.6060099513456396,-1.280429352496283,1.7547941819843647,276.47,0
250,-1.7534694162506628,-0.5449222349589087,0.9718226901727355,-0.03095825063657335,-0.3357150728865708,1.3460442074647172,2.155239538433073,0.6722572844137722,-0.6228545031012834,-0.4181430340092719,-1.2884473797573248,0.10081742225405217,-1.6295929859763272,0.5518636553095008,2.0055740456399533,0.7175915797930499,-0.4691477201949346,0.5269374126317904,1.620533445165877,1.5704946352611389,-1.0037578915633707,0.5102963895823233,-0.1581014900701986,0.8065932479136867,0.38361395381677077,-2.3697214094844474,-0.34801308629683886,0.1985583628962918,301.97,1
260,-0.6115178029919482,-1.4066610968482223,-0.9232332461109043,-1.3516846056163336,-0.9758732529773327,1.0536417966078395,-0.949398888831943,2.632382064837391,0.4933179008808892,0.1848361236948739,-0.8583577801812136,0.7003098794089914,-0.5756378262377739,0.12200981464536144,2.5600845382687947,-0.09605989972464987,1.1492733262856758,-0.7031764251258874,-0.0349884904969617,1.77080063563551,-0.6269670577877674,1.8124485579969287,0.7077519354554754,-0.5624667758942676,0.632407739055521,0.9725544496267299,0.6218099622171964,-1.5702247198904564,181.13,0
270,-1.3193478891374055,-0.22624521900867614,1.0645686780266999,0.11960566888706947,0.8166985177135699,0.6186619597099322,1.286268613404601,1.0622098509137117,-0.4537443085364418,0.6329416337934651,-1.5265518616977465,-0.057904907337784896,0.8184847346385397,0.13384765424599987,0.4466397315170858,-0.21327237596579143,1.1290694375351427,-0.08041577370899264,-0.46545018240405345,0.8865174125690543,-1.40515992236446,0.501033343517345,-1.0424848742271386,1.2779268292381651,-0.26102725324679543,0.13498472081968857,0.4125703966441225,-1.9296845963141573,395.57,0
280,1.0318445394686349,-1.485560373036972,0.26705026586925884,0.889630795623437,0.08228398927542419,1.0654803750653512,-0.5172884501003722,1.40934744018558,2.2988981236192503,-0.36283856043965906,-0.4455025214007718,1.453384477117701,1.5795721457307124,-0.5228600271532683,-0.42018681709585726,-0.2817846088605072,-1.344450511034277,-0.9186519464841982,-1.0041407667520679,-0.7677975651041284,-0.03468488738678118,0.23421473253652075,1.5505004928140769,-0.998354040738791,0.9843223984765838,-0.21398884422550896,-0.04946370965243295,0.6748194921666038,307.09,0
290,1.167102914383636,1.6211085577877153,-1.569960337657343,0.07396296407356806,-0.5175336509082241,-0.5989243965593357,0.5553768168069081,-0.6228704964232837,-0.49596904632647065,-0.16811489562529364,-0.3733992683765694,-1.1735702070121252,0.795906504847474,1.0485309385076005,0.34361858953521734,-0.3765526510222658,-0.7052107363297812,-0.7036200629264463,2.3573763650327084,0.937838301566644,-0.8401100785833383,0.16469782743714056,-0.36253502509936236,0.5838003761562907,0.5434991027893419,1.083609653905471,-0.8505564586621955,0.10473529863813051,204.82,0
300,-1.3793192280145272,-0.7309300399419191,-0.033126972873797095,1.7945578635177877,-0.5176112990361714,0.2237879516388985,-0.016422896072752075,1.188393273448084,2.5269324258736217,-0.5308687729203206,-0.48943944251822213,1.044160877069072,0.6818914896263114,1.8467073257360336,0.5839281853259639,-0.35929209078705954,0.5906548306923093,1.1087035805829077,0.820482181197364,0.5072740311072977,1.066674689589154,1.1692955904456728,1.3821589910375272,0.6487098875896427,-0.16711808031685435,0.14671368643332283,1.2065089665083568,-0.8169356709872361,81.22,0
310,0.4182525547860004,0.4004120292384369,-0.22571364756933313,0.003414751178410458,0.8177526958760498,-1.4893930596493061,0.02464209842858423,0.08995614812678975,0.7533042690776492,-1.350248411942825,1.4951337455174116,0.2136304244285101,0.26658054669493636,-0.40137975733222647,0.5380223547968438,0.04795405028310565,1.2089819441064658,-1.4414942480636153,0.17554582989050802,0.40851234837742617,-0.1863723943630917,-0.4046658233070462,-0.3629572789687074,0.174639269367828,-1.809958900980706,0.9650149610632297,-0.48013186769585076,0.12780269736678268,435.9,0
320,-0.5589218472715883,0.37721187506452086,1.5655240292343404,-0.0657502610729878,-0.5551995266931984,1.8811570694405901,-1.448013900416244,-2.198805956620082,0.4400144500533324,-0.5020542243526112,-1.0212328171307132,0.7083564472993533,0.24380071377119883,-0.5640786307367284,-1.2803043986708944,0.8724573282801447,0.650201177958661,-0.09917586377938291,1.8466369960476658,-1.0700847663261526,-1.5255251709247388,-0.6919080698812444,-0.045586016355497805,0.24333944932269183,-0.24123605785632987,0.3520553965142968,-1.251539424190444,1.4437646040732595,432.31,0
330,0.5055018106114911,-0.02892488417486995,0.26966935739707076,-0.2300564355963827,0.7077155412496205,0.7225400802900771,0.4599290258221443,0.6075143271495044,-0.9443687775430526,0.32324576290897944,1.2492017674875335,0.4914045670194975,-1.0307175028015232,-0.0497665096490848,0.3749779383397089,-0.7573995168983091,-1.3582711967233527,-0.316097868436527,-0.7408324079677024,-0.014289031389968827,-1.5914046474962884,0.5647010625361558,-0.6346050352933568,0.9957522366813559,-0.27689883979637814,-0.025389046384487156,-0.17303487869691783,-0.6881596901002726,240.49,0
340,-1.5839028234857233,0.7604146561442974,0.7858001586508322,0.42545756178496474,-0.966976143129213,-0.047711356141979855,-0.0036025390905684044,-1.1583646891925428,1.5033983017671506,0.8773622905756714,-0.22096417382966393,0.02688583899453078,0.20838280794755248,-2.0417348684242906,-0.24717738252059693,-0.6819842479977986,-1.0016200098949155,-0.2811002928859549,1.7976865268495226,0.6408428612670098,-0.5711789897827968,0.5725827813561586,1.3993554365860021,0.9246336829127688,0.05963036992017413,-0.6469367777055739,0.6982233136135899,0.3934853854217496,357.33,0
350,-0.5794632740700703,1.0890099817847738,0.11453336621546396,0.9501454709988318,-0.19795312656833047,1.3172782267311858,0.4013436270247898,2.182507024177087,-0.36952161682223,0.2045493960907455,-1.031576246870158,-0.5292982375462199,0.6186865478479057,1.1293244375395006,2.9650103517207222,-0.09662890662322088,-0.9332134076455977,0.7533257603772413,-1.127827220501306,0.5642773880267363,-0.5022557161941238,0.21159497038039327,1.0910461021646674,-0.11073342908069587,0.9328790843286214,0.8731585486191489,-1.8643315283090947,-0.9016007460355724,186.15,0
360,0.22445181855997204,1.0470983026121545,1.6839276914578687,-0.45888426286894,1.0786808334312956,-0.03850846950070721,-0.17262729994081963,0.8836599374866724,0.6523228784134196,-1.5763921569842494,1.4765403497258958,1.3800913541474515,-0.6255627015095294,0.39580353343740904,0.4940301862827388,0.2606737658239071,-0.5503051538454201,-0.6716233679380516,-0.025554070991445278,1.1727290192593647,0.5436001545944323,-0.37061433208610595,0.7716987106483447,-2.8485426206300755,1.1487657003721035,-1.7397137787780996,-0.36244094140313216,-1.1196698946261439,484.74,0
370,0.8072931248110842,-1.245766059099699,1.1077204502817004,-0.7080788661941414,-1.5558986504898955,-0.27239597049980896,-2.0951575226799855,0.25417389224620207,-0.25925044258022556,1.233686921376036,0.6489242105069956,-1.3919963371880102,-0.8383874911178852,0.520664420534209,0.8470790099850345,1.2225009148868804,1.214509285305348,-0.08952261024790559,0.36265562225116893,1.2987385039437964,-0.30330846193594846,0.37972618694012367,-0.3268807796796516,-0.5509481144654271,0.04838511828580344,-0.6875434513395914,-0.13091597276974928,-1.0349548645321327,467.0,0
380,0.07863519031609059,-1.9982006845321076,0.9163276747024814,0.3464884758979927,0.9980101098596522,-2.8962553781936893,2.0883747047807275,-0.13958962815517376,1.1081828167375165,-1.0399059271255309,0.6127739050625697,-1.0534155631736561,-0.6237689606958051,1.9140313538667861,-0.19068240076334658,0.21743287317972287,0.8700677306887542,0.49568188797260465,0.15041890514357642,0.3649610024662254,2.403415585238275,-0.05761879703358539,0.2010990467149675,1.050654396007612,1.1055259329579838,1.1870303055603801,0.6387302220291846,-1.1430049127304835,197.54,0
390,-0.7716283224168784,0.29662831967617553,1.005142573278018,-0.2523800434644497,0.3406000190998585,1.4351815491900517,0.5644029878932662,0.35555062967435275,-1.684785394820462,-0.9337222527402227,1.046920127650012,0.5699503053413824,0.7214662737850742,0.6353969322148971,1.289756528375374,-0.26139992495512276,0.12049995878930102,-1.028674333129084,-1.278022583436376,-1.6437407155880577,-0.8851634989998477,1.552561815489642,-1.5527270678160376,-0.30353598557719785,-1.2931453236461579,-0.600973963003361,0.1696937923520195,-0.7001158732050082,334.44,0
400,-0.6881503451777238,2.2524358053443088,0.9817654869915943,-0.32483138350862245,-2.499405714873573,2.2909425725907417,-1.389572466763596,-1.6453987469568918,1.0225704320096403,2.439752406339273,1.3842728185105182,0.5639091200523596,0.594754341665286,0.8534155587803077,0.7589285897867651,0.2811914239693758,0.10420110395187607,-0.06259312789952241,-0.7539645888666763,-0.28067507686677406,-1.6929568141953855,-0.09833962679474989,-0.9885911071509175,-1.103589317215771,0.17989415115347845,1.3920022863445993,0.918316606002313,-1.570500603623177,358.36,0
410,-0.6033235652217123,-1.5868117155950892,-0.13426810335751052,-0.15922387809671018,-0.969199610313766,0.5510373022425374,1.8466265008304728,0.22228271745828398,0.16047620699884568,-0.9372280488338227,1.397414703060372,-0.07514416681001679,-0.5789632551941708,0.06368839365161598,0.471961333246609,0.1392154086449031,1.2061533956705917,0.38397155254686227,-0.28394181088253484,0.40119221632689,0.49963710112595733,-1.296375919263842,1.1494197282637149,-0.30090401936135913,-0.27532322350543004,0.7513759870759458,0.7471652242595813,-0.7008316788660857,138.13,0
420,-0.2949496782920278,1.2477420726737338,-0.6734906242438685,0.27899416222380197,-0.8353470532597573,2.1451491277733883,-1.1875984190295128,0.3098207102270275,0.6337768809320985,0.41379909745149823,-0.1852876588777083,-0.12982069973342616,0.0438114719791096,-0.14700200162848862,0.9638791167949097,2.2105230015913513,-0.5574917850078336,-1.3698029795790778,-0.08828204835125482,2.5797093376543185,-0.8036745679697308,1.6391168054440675,1.6777008140764407,-0.5535882417079946,0.5689830791852754,1.628396623128538,-0.3791277409874871,-0.20358036010236177,43.74,0
430,-1.100779282836685,-0.7112986247605377,-0.5865640795627187,-0.19753522569696805,-0.7590404472086483,0.033458770992302565,-0.6218183005063913,0.7013730648392228,1.0310629139880534,0.10854267602843841,0.4626263353811024,2.11785594962589,-1.172603256861316,-1.2334681012801056,0.6949979007768748,1.9465428375147655,-0.2604985619387227,1.7268338422187606,0.09643371879348994,-0.6808872820390818,-0.9906923886377034,0.6294135848867876,-0.9149590677826966,0.0812768427670279,1.5834650253840938,-0.3067803928713705,1.3140094746438993,-1.2145434897264067,397.93,0
440,-1.092312764672579,-0.3164084496948019,1.2130976999791834,0.14171691363990474,2.319329539981694,0.39331783939437187,0.1920491164900316,-0.3091164642025014,0.1335409047822823,-0.1524698363805439,0.7081086766885905,0.9567023167945841,-0.7859894605079495,-1.331232953557778,-1.8362053731032966,0.5079913269125437,-1.1033666061738736,-2.152890592952483,0.3885786045309641,2.4929995174327906,-0.006070911539893324,0.8384907744516419,0.08182935854756501,-0.09888965319114267,0.9190764829877686,-0.29027454418865134,0.26739231407190295,0.3216978061960136,395.23,0
450,-0.5071230600565902,-0.23635473708899585,-1.187912808642065,-0.35301605672556224,-1.0365759163562973,1.313068515588715,0.05053581559400609,0.17049723504043077,-0.22514652735002125,0.19757892205140784,2.4648776358576834,-0.3001402843924914,-0.6504130347099937,0.5296931329054426,-2.525718633602488,0.06395678691093298,-0.37171290329290085,-0.9923132660360943,0.5077576703115002,0.053988418445792954,-1.8024089074942171,-0.6465295211924377,-2.8882712051927246,0.293269314133503,0.28329941844015705,-0.7932818938336734,0.5401127116831267,-1.2824986211215224,325.45,0
460,-0.213442870930208,1.490726136849952,0.14866745720211155,-0.33708597111803934,-0.6134026635409398,-0.30246968648812833,-0.38817681854122876,0.1704162223754877,0.1605739810498646,0.0030460201534144695,0.43693816974634986,1.1906462747863413,0.9495541354413237,-1.4848979684499035,-2.553921134901955,0.9343199112392737,-1.366878698415421,-0.22476540189268354,-1.1701130260593595,-1.8019804375800197,0.541462728204788,0.7591551603026468,-0.5765104007267194,-2.59104229214491,-0.5462444482524828,0.3918040054025465,-1.4789115687741288,0.18335991977915564,7.05,0
470,-0.9941062330421927,-0.030938997155624107,-1.960158008293832,2.060558616616052,-1.1930599549102363,-0.04008851265655339,1.1682177218168646,-0.8629053387504985,-2.3026969895447165,-0.4449457601246716,-0.8748203800761191,-2.2763735085920023,0.28488989257219893,0.20709386223295154,1.1423264545383518,-1.1208223655203873,-1.5991364864470128,-0.4067230830465839,-0.08834265900909503,0.9213496029864963,1.4105680050051588,1.2144791339073469,0.27654366689266663,0.799499253504148,-0.6404934347691842,0.1683951924752465,-1.1912901392878061,0.0626853968868732,368.98,0
480,2.013387247526623,0.13653533108273744,-0.3653215513121087,0.1846803058649084,-1.3471262895296965,-0.9716140385106515,1.2004139079444254,-0.6568942789713957,-1.0469109826819396,0.5366527525272862,1.185704154662997,0.7189533106650667,0.9960476858058164,-0.7567950885694608,-1.4218106667418438,1.5013336519554867,-0.32267983884213575,-0.25083301645504735,1.328194141849058,0.5562300094006599,0.45588777208160763,2.165002344901084,-0.643518230380143,0.9278401280812372,0.0570131248970845,0.26859227886325693,1.5284684264125317,0.5078357562896237,406.07,0
490,-0.8537365346849118,0.35920940045784094,0.5568208407749982,-0.21037015856104574,-0.5947762545556623,-1.2812976734768549,-1.7377297550512922,-1.947883513321163,0.5794425728672615,0.1476993252267769,-0.4838111315410965,-0.3314562977246389,0.21047054153048458,-0.16456307100859416,-1.3405531800038282,0.9130002202742996,0.3041261706698093,0.2658984798138483,0.8375627033583725,-0.8136453560596746,1.213731437725842,-0.14004285194223806,0.8885988803308748,0.7344490334876547,-1.038801828002556,0.5029004049141359,0.32627467084668543,0.030311657494342222,468.76,0
500,0.3996879517526416,-0.651356893791829,-0.5286166817497568,0.5863640187550933,1.2382830714336357,0.02127157673606165,0.3088330125989638,1.702214944635238,0.24075317948856828,2.601683114180395,0.5655096456315442,-1.7607627591558177,0.7533416211045325,0.38115838488277776,1.2897527540827456,0.6731813512699584,-0.13845598398377382,-1.2242982362893657,-0.20902325728602528,-0.8505204542093001,-0.5805234498047227,0.5885784044206096,1.6699045043514062,0.3946715298229811,-1.1958830620351844,0.4446026682201407,1.196631486645651,-0.6097829043193822,277.56,1
510,-1.449856565480906,-1.106308181228342,-0.4541895583115157,-0.8203438245306957,-0.8171854666089954,-2.094120627663777,0.5890569474058676,0.33872050286963534,-1.6988491998036455,1.4571957599562464,1.6810923149304875,-0.7509055497801141,1.166548590977006,-0.572997804990946,0.1811165102110608,-0.8357621350209089,2.2142515234622757,-0.2960172273298979,0.12644902282346232,-0.687937387463827,1.8613155972363946,1.8866146460894102,1.6309291812629403,0.9564403483476219,-0.6247895469340525,0.827850095962418,-0.007042798924735517,1.312408621742632,39.45,0
520,-0.17018462252492844,-0.4532280493272752,0.6963874474567153,0.9553052085705107,0.08840688629184736,1.4775300810552618,-1.141689114133505,-0.19365945927971812,-0.7168223206028049,-1.86653661707306,-0.08268068584269925,-0.12174750838328353,1.513449743242131,0.6308116845547775,-1.024186824329205,1.8540925663341883,1.221033695525353,0.5820977034686158,-0.22648409884983192,-0.9594392367234797,-0.372206776071053,1.088748619704186,1.884586305934609,1.543243528272189,-0.4888494217862741,-1.1196174332890112,0.14088624691120394,-1.7684393655628516,150.06,0
530,1.0329639471528058,-0.1949452084289584,-0.36883022959254025,0.4017712825585737,-0.19211105272144002,1.3904997812407467,-1.111413012134435,-0.05164415516508496,0.2056863749606842,-0.37845405184645964,-2.8712826629574613,-0.16090490804919289,0.9001769869124664,0.7781091861260174,0.3547784821701996,-1.0978623583492235,0.39530946245848375,-0.573437821542238,0.35348290594866677,0.12150501140171552,-0.9763752712833716,-0.8924558393569035,0.3550224544215164,-0.22111309528850173,-0.840281430657129,-0.9228301897268331,-0.3038308479862159,1.5681047947182098,388.58,0
540,-0.021367294348436157,-0.7472116791478234,-2.4242402602729416,0.8840453963610497,0.7368438970924334,-0.2813275571182134,0.06699071722487192,0.5159392177040995,-1.5625458568865427,-0.5290526773462948,0.7942646796218271,-1.2542894231692494,0.2935579321666293,-1.356581804623405,0.46642998243352635,-0.03564148229748357,-1.6151318159055095,1.1647393544571714,-0.7345915767980492,-0.810252437014381,0.20056919723094285,1.1486373494287152,-1.015821818978397,0.06167984984797165,0.42881650033057295,0.6931056072631441,0.1764415552772252,-0.3670278390833223,272.23,0
550,-0.08264778503818894,-0.8290169196583627,-1.2663405056257042,-0.05798394743223416,-0.44838021905388226,2.0100092893000014,1.7698624206769662,-1.034372827923598,-0.7107601035491785,0.07377010788688614,1.3972264225587627,0.057013136371051244,-0.6472406379880465,-0.05888180990272468,-0.6284848638960467,0.6024772094394821,-0.7090337116647051,-0.510436052426967,1.1619338134560961,-0.7683649473140721,-1.4461280325601622,0.09499375135630458,-0.36047340420459595,0.5114155009299537,0.31747193473109014,-0.031918494643361994,-0.06104342546999568,-0.735858449322835,454.7,0
560,-0.18047991359062565,3.193107567844861,0.29875290836568624,-0.7517910500951843,-0.4263575962055433,1.1484457091967548,0.11327041053776446,-1.4382779783173667,0.9192289345752035,-0.668144085538994,1.8732977762175456,1.0800480657146485,-0.4473218956587512,1.281016361735113,0.0678555105274033,0.8527736751222195,0.48473281729447476,-0.8463566549908735,-0.643549832317462,1.0299608175811612,-0.33477533210654087,-0.4036484632419967,-0.955122579349353,0.42359906559346105,2.062524919243145,-1.0675329142542729,0.02421945667275807,1.4122205554154292,483.6,0
570,0.2650560448403119,-0.04502682282886669,1.1487334829294389,1.4323420312175017,-1.1890112823800345,-0.2552519421022534,0.03272449154070758,-0.266914712014321,1.792922591330873,0.22395527808973467,-0.8053718270503438,0.596442339560671,0.2709745388461927,0.3041929195534216,1.8078761587991903,0.3507851757548093,-0.3036615238739961,-1.955276426310101,-0.1653990181435119,1.3059699173271888,-0.09116911955618714,-2.240049898519503,-0.49836239219244655,0.9926885389127922,0.5458171745620152,-0.8398808965107355,-0.5652847763990818,-0.4107086591024168,174.62,0
580,1.6153756894694418,-0.3223204692113399,1.2171585208254965,1.5213160519224513,0.9983108981479604,-0.4316203127180484,0.40373009033660945,-0.024195606390916165,-0.9037018607301281,0.324359281721603,-1.1790397911598025,1.1876793884615637,-0.4646172972983931,0.2011596558728393,0.28328787154614216,-0.25890497370407733,0.5866938014752747,-0.47490365662252443,0.8712972974572442,-1.3459796802467485,0.12637957954641182,1.9389289990582848,-1.0003313246055747,-0.6777449705248515,0.513907849658915,0.17958178193959795,0.3506300992735592,0.4891871301476635,394.44,0
590,-1.2120898919382652,0.834232665740161,0.2726977935299349,0.6503817887212686,-0.9663123857651326,0.15013611637138463,-1.7048785541323237,-2.276991207533051,0.14082842652774988,1.1005976067613101,0.2529368142650801,-0.06344606394414584,-0.18753412005487335,-0.9425653914430656,-0.2218609037953063,0.4216844682644445,-0.43522223280062844,0.7505868538357765,0.19597503386460266,0.3169794177734066,0.8886627535509601,-0.5267554326549905,0.6593805861869515,-0.38647671725197413,0.33951448381884,-0.6457713506365684,-0.9107038230647322,0.09186474564849363,121.71,0
600,-0.01941960588773261,-0.30317978283427544,0.7999419019420501,-1.616310608436588,-1.053682419146354,-1.067802921579193,0.9503075919735757,1.7106133725819253,-0.1044492185374715,-0.16882172319001063,0.07005216311318138,1.1618783026081905,-0.9273531341905741,0.23836898273478513,0.9751976297824297,0.5010941699398452,0.1895816165987434,1.0010460925671412,-2.703232292999237,0.6778753195309076,-0.6540756831274238,-1.830632896856457,0.5112025995249807,1.3736585451629577,-0.13744851462769186,0.9528745472029388,1.6122782579886454,1.3149144535840473,296.26,0
610,-1.0144188771679996,0.7828702435813464,-0.9654979858290557,0.0301615725351249,-0.25658793018217363,-2.402753934899687,0.42423425971189876,0.1433391676062309,1.4790789734057603,0.6111436546495426,2.2908839240787624,0.10704238207871382,-0.10553005200230739,-0.1843566507170958,-0.4395887110317737,-2.207750916382569,-0.22019462700795758,-2.0678547264359923,0.4520333445857688,-1.2400602924705844,-0.8943326230884198,-0.6694101948325517,-0.2049350378132454,0.006868254939036984,1.0844795830730707,-0.5775300935075538,0.4801461362223696,2.7308672332235675,147.45,0
620,-0.1601327955666404,0.6713400764504657,0.21319662823768915,-0.7519693317388191,-0.31905393566661816,-0.796025856803489,1.0760071385985983,0.02131164867194222,1.9011906857530074,-0.060660813814620775,-0.7084067669104628,-1.5137143926128271,-1.803139676255945,-1.5841359430054898,0.2671266510114834,0.5087250232299338,-1.5811907020321334,0.8950383140761154,-0.4830610516834395,0.14679301198554937,1.6122206282554243,0.8968393158655319,-0.2685306479058323,-0.8911922254152874,-2.151815401329305,-0.7191533192424201,-0.21113023882769444,-0.987179527151184,375.84,0
630,0.5119240910292749,-0.1683082339620694,1.226405143870384,1.1570963854639587,1.1761751052399196,-1.7339835294173527,0.20672404724499435,0.7589386001219477,0.38153856258933105,0.6365963258218292,0.058351004285477494,-0.744784206726527,-1.6970973849862518,-0.6455694286484754,2.6781098736383924,-0.4856511760906721,-1.9593902260907439,0.7326493607290827,0.8554600086826448,1.2873243901521403,0.47097850370678035,0.8456015144669514,1.840217134841991,-0.7454734920621153,-0.9438507054237175,-1.0945865395529288,-0.2657695864939831,1.4334224198251682,399.39,0
640,0.28869362927985703,0.2603218387712207,-0.1343087414705478,0.8108082731597821,0.793488720552213,-1.7485319732381808,1.3043402428781525,-1.6624919880356743,1.0325462043416573,1.1267051368275833,-1.0909664302151982,-0.4108142879545848,-1.1057046684859357,-0.21492103028873533,-0.30803428418574125,0.7796605322693398,1.3103087461196083,1.395683810789956,-0.5621680265783021,-0.20922187374452778,-1.6834381922209503,-0.8058700664961888,0.9648516330974576,1.6155828235482317,-1.234348871879922,-0.5924642591528942,-0.02640575695892703,0.2801611588196068,344.45,0
650,-0.045970007917145186,-1.1466647145209035,0.005492550243393307,-0.47570526373119687,-0.10212844003499932,0.4092583875972426,-1.0981454780308466,-0.3618113392325675,-1.8037814217781782,-0.354987284113288,-0.09343407091699951,0.22898242506107808,0.23957654036320872,0.9039227507368559,-1.5396665192733199,-1.4862770299502939,0.5289579363925203,-2.038961277005416,0.18330021210499314,-1.1802929395898938,1.5728146409171813,0.25045240772777744,-0.21915601971306176,1.2277208771391783,-1.0634020065709509,-0.8734096340878084,-1.261454833655109,-0.865039226348993,483.24,0
660,-1.9792998103757877,0.7479102561175338,-1.0727430257398065,0.23924686411114954,2.0740826697499735,-0.9193845915864234,-2.5302875227463297,-0.2860042218801108,1.100959634998571,1.9583474542205939,-1.2295495944524168,0.4966992232365217,-0.46531045678005334,-0.10594835430413566,2.6443433470170348,-1.5029703283951532,0.25373966149457344,0.4676931717654332,1.0857863249393471,0.09798315347089544,0.3080505395041023,-0.3916485674217911,0.26912694124510733,-0.3431922754974105,0.6215718898560508,-0.36961033604363397,0.37710039390218647,-0.029262813684978354,242.22,0
670,0.2552733874135629,1.0458967154958694,-1.4480563720406896,-0.8427425900149415,0.6397873317955373,-0.7252689779610714,0.2404712493302069,-2.4197452474117624,2.715946572312882,-0.26971853155733616,1.193956259988278,-0.33689782558349113,0.4146985287308868,1.4919196463452724,1.1658060192083854,-0.20445497968522458,-0.13525432539369245,1.0035665601832853,2.333244404285301,0.19228267439904112,1.9570636405416413,-0.24141441042020614,0.9519603635098018,1.1011557622472865,-0.40996050385277344,-0.7470780793016416,1.1453891885473528,-0.5315569372430567,140.1,0
680,0.9531250453760867,0.513085420097293,0.7250957868479971,0.5161782871149584,-0.6414815952229522,0.43192254467394064,0.8004095252276823,0.7542913298135743,1.188913371474643,0.7083038472010638,0.3514482075415829,1.0701502383164274,-0.026521259249060063,-0.8818746512277178,-0.16306696394376388,-0.7449026448064491,-0.6751782749743815,-0.14451867071551783,-0.7924199209999613,-0.3079615296390403,-1.8936146669537857,0.21329370737293857,0.0012054753622242368,-0.8170886310681906,0.6592456684324051,0.9375701376265584,-1.6075598643689741,-0.7627247785662142,116.96,0
690,0.8729191867707867,-0.6299052547184123,-0.15492460183627646,0.7007362851328974,-0.2783911708109784,0.6333613148436524,-1.540793042430867,-0.13251667954189647,0.0788960965985086,0.02313872309816787,-1.652918697838884,1.2031126464308044,-0.8546729449714168,0.33503712526246754,0.007964282647330446,1.0037095238106777,2.1874888293742063,-1.290364484542836,-0.6489138812724988,0.189092493839052,-1.1053533175527916,0.7821826079557601,0.8433726221570585,0.5594490759950371,0.23658175087619732,1.3697087779697807,-1.155625481668862,0.06526819534255347,387.9,0
700,-0.025574312191994436,-1.7690759048891183,-0.6947131310890582,-0.409282438113104,-0.5240883979345925,0.152354872033722,-0.8224199323822006,1.1210306673244714,0.00020706491819709385,-0.009300321138614417,-0.32789471651291785,0.15519068385897913,0.8250982646676347,-0.8671302157109003,-0.6581164890752567,-0.30372602877666466,-1.345870923473215,-0.8192578597214978,-0.47622087354465903,0.8743891807127275,0.26256132900192497,0.19358991136754436,0.8508979621679722,-0.13737178839939665,0.3904648499288896,-0.10322175293249623,0.26536234939962844,-0.5827586576115821,247.41,0
710,1.5687786041028489,-1.328096262433748,0.5222436812480098,-0.8164039861010418,0.19150693879273067,0.06837062931026103,-1.0553870170924875,1.0584845435303247,0.20330294356907486,-0.2846830356725835,-0.4381098242435948,0.13977696976623552,0.4079250175142854,-0.12497578635826605,-2.8325195707762085,0.016890716242483676,-1.4414820616097774,-0.20945256564907563,-1.4045642570696417,-1.4164976350794674,1.235121821948528,-0.3200919809443903,-0.3966621598219177,0.48252404882859146,-0.37059052307245194,2.1038060921274098,-0.2730197607260194,0.36512541198301046,339.23,0
720,-1.5537587660160643,0.8178896580250287,0.3764095260975166,-0.9020515543575104,-0.8696630812746944,1.1254347844147694,-1.1894118928673278,1.6426729532559634,-0.9006207346478687,0.638391925608383,-0.3286184757489846,0.6031874310823431,-0.5441140021141926,-0.1627929060722942,0.04091917539572113,-1.0021874557814727,0.7408243454201259,-0.5132135664715852,-0.22859991534001858,-0.9943493746085122,-2.5623336587953105,-0.19102776260016902,2.412615421612916,0.7846042878980238,-0.01926037973439464,-0.2628908292082677,0.02246589281204638,0.54711911517521,339.09,0
730,1.0536123992436601,-0.7234628088702879,0.1207568061894677,1.5475700950289262,-0.23769512468964085,0.19223476419523094,0.9808534491374752,-0.7422295201916345,-2.1615603333191933,0.2555736537123689,0.9886691693580026,-1.3514457648919713,0.6702198972773387,0.6769663873395375,-2.273496259115304,-0.9362886324067723,-0.3958287807316623,-0.17962400023523706,-0.7431342647679838,-0.7970028035821819,1.6714828911820923,-0.10755913185890842,-0.6950436601497395,-0.041169476912550004,0.5370908330611436,0.05162637671120796,-0.20572759082797323,-0.6500166686704533,113.47,0
740,-0.375196380323937,-0.31771509675623405,1.2816437950037687,0.5576910607251245,-1.111457956937032,0.24650477843200488,0.49822174849678513,1.1401490385212665,1.5805406865683735,-1.0150941918278686,-0.8108575112103382,-1.2575778589146163,-0.23401985910698136,0.4663583744463345,0.9873345165891019,-0.07595102364252276,-0.31984752325484395,0.15175799224874037,-0.835142901630023,2.0895387216947734,-1.6076610271180587,0.18474057889572446,2.0236062192296393,0.006799844559997769,-0.19003903500149447,-0.3574454228104272,-0.18039168176240783,1.3728484746765302,273.74,0
750,-0.563700175057901,-0.0830336034927732,-0.20074916355286412,-1.2321423298148326,0.44786174775179377,0.37109405131392204,0.04796144598154671,0.33184386325851556,-0.4237764114480308,-1.6173629501085678,-0.7166398700522447,0.15705458140944115,0.16274441484639593,0.041379052585847835,0.5487082679850316,-0.5811460454500165,0.026681057110535956,0.5720927784049213,-0.08488981850235336,-1.2433239284060988,-0.9614883696555376,0.8308523242793667,1.3924721629425727,1.175283107824049,0.23215594974203504,-1.2031326020166928,-0.006351556772868734,1.5622551319504216,7.04,1
760,-1.2504077339697175,0.6045153263553668,0.8823330623234091,-0.45209033283308037,-0.4700421477595015,0.2658782296520485,-0.4367197360405955,-0.06613261462582246,2.0997217891665154,-0.24702570074599667,-0.3583401520212222,-0.6475418056351592,0.7441919714999368,-0.181224173218103,-0.649373038321426,1.321304032273012,1.4196030045136372,-0.6004235657387051,-1.8665399513606162,1.0075136898369221,-0.684629825760004,0.7906255991627686,-1.9701038177118355,0.8925973382993092,-1.2111719292807812,0.7307641190665245,0.014273067836434106,-0.9539394193966448,111.21,0
770,0.2139038682014817,-0.18941367098154974,-1.5402476320310767,1.9833862348517115,0.549230796501648,2.6342220436499586,-0.8051092398862925,0.9578822281769765,0.7792738873941635,-0.29057510309736223,1.411050901059224,-0.4054100076137785,-0.3608914194246071,-3.471429891938383,0.40902805374263734,-1.3255099116824065,-0.5507211956955113,-1.0262196387450275,-0.36623153931826163,0.44388023021743567,0.011141563048757437,0.709641290505807,1.2656295355856315,-0.36879593667783545,-0.4785672420161137,0.9577276536620096,1.0370472887399296,0.740590868103047,327.67,0
780,-1.7785875840065168,0.31965182591897723,-0.5041798310076715,-0.08152267310164589,0.34767648353833636,-0.4872285641135523,-0.6757080791616118,0.0341524174880246,-1.0872459388628026,-1.0858251288851855,0.6793732829565033,-1.148794035158656,0.6663125009092119,0.4625912928539512,-1.7258067287905967,-0.6775646523356551,1.1941094030473725,-0.9811655311396816,-0.46440426230938764,0.4620608932518965,0.7833905092825955,-0.2515388860444957,-0.5975101946916416,1.4223698616985077,1.7388996637975789,0.9788580507817954,0.08531814256502405,-0.8082657216409264,354.95,0
790,0.4803046530132987,-0.5693837001481272,0.5684802252745983,0.1053093208790869,-1.5884645404175581,0.7929348534931071,0.9703933898468512,0.8033650488211627,0.033327925665802005,-0.9561768831496472,-2.3091837312848655,0.15705360540145066,1.0819420597408491,0.9955324690830808,0.8160728433938479,-0.07421097854939082,1.087464174031497,0.9241618238559027,-0.4226335607215581,0.6765980166158473,-0.5359591454092917,0.5400242316169221,-1.299116644301067,-1.2222118086729215,1.0582070469439075,0.9375601222047649,0.6336115405758314,0.08796882105283044,248.63,0
800,-1.0917008761393143,-0.387099702474401,0.6955377575657775,0.849102110743144,-0.29396694766418224,-0.07159925185806683,-1.5178737466808094,-0.3570292008066094,0.8903831635197862,0.5752050161065663,0.5006657213812097,0.04977368718096008,0.007063158628176452,-0.6603211394734471,0.6988284202025348,0.4209729443893898,0.49201884799279927,-0.5260348426675804,-2.1533429198712444,1.0971527117536957,-0.47883745600840416,-0.8627757640431206,0.6934789119139937,-0.3920126399191296,1.0599363840466218,0.6170059495766975,0.6835693232004776,-1.3659557112005343,286.3,0
810,0.069746848841049,-0.639764527444133,-1.0024719316058948,-1.1017931979198936,1.2497807014036066,-1.5150953429556504,1.2177484856512002,-0.8684410292521488,-0.6852061978594057,-0.15155545500997972,-0.7036545495665113,0.9319797549595751,1.8133439519827754,-0.6574321575531379,-0.43223783916462677,-0.1633208072838984,0.5410567634926378,-0.15348427895585648,1.3872574110525957,1.1466239165619274,-1.1854623535951,0.5209681655748287,1.5203392373095028,-0.4947809457668834,-0.2942648717935566,-0.5280369978529553,-0.5070756155235057,-1.6684515519110479,490.2,0
820,0.03279699541158651,-0.7584953347000695,-0.23040071420576733,-0.9242331442683044,0.8901984111247868,1.0352493347237526,-1.8461878622380938,-0.92951086019241,-1.496529255090079,-0.6500239344068982,-0.08343796979036086,-1.44964521969853,-0.9218598131253132,-1.0039573720814985,0.20726732939894396,0.06934433703625043,-0.7217375533372533,0.17682087213939798,-0.5466800845872654,-0.2716551103260533,1.673452090298537,1.340461051790348,-1.2995812369275976,0.8297324178791745,0.8113965544915921,-1.1482632887526183,0.8187776437548606,1.5379319184125528,157.14,0
830,0.6556014275495079,-1.5365236149437833,-0.2149103551500782,0.2767934493252883,1.6643170981246351,0.7247238578942587,-0.8645657272783016,1.6953884584519632,0.0437797627138891,-0.25584113690309174,-0.3271181965888122,-1.6235552380231333,-0.10976950381614235,0.49748525730565785,-0.38538332752521576,0.4204524772475584,-0.8643910709141808,-0.1409279142776198,0.3165403266086319,0.18966087706342083,-1.6054650897190463,-0.43900595087122857,1.677462930312606,-0.4924460743305178,0.015807544111839433,-0.08675575054894435,1.5682397589196513,1.2903681221946703,121.77,0
840,-0.5029747705513431,0.26348721533105957,0.2942241290134937,-0.234407800316322,-0.7837656655863965,-0.6905410523162594,-0.9161919154812425,-0.8318222082304447,-0.06717829004935526,-0.7157599891107518,0.6820520657126199,1.4872461553359273,-0.580053241370043,0.23940450053537707,0.49968511030293383,0.4720022709192744,0.07595526791608741,0.7426824183597224,0.4822489526806572,-1.2376624223272978,0.8691560643892732,0.8872908372667421,-0.7632861041785816,0.03793783544760203,0.6833289928110694,-0.20931381957936157,1.0729780477660118,2.3638724946193608,135.16,0
850,0.8103450155363101,-0.2696416252968609,1.1069647663026416,0.6411866624110701,2.141383118511077,-0.7506028975812151,0.8307098504960894,-1.0173239077974048,-1.615366451276726,-2.035530842817873,0.5383240223969266,0.18424791394410256,-0.4790510573617538,-1.773504333949613,-0.6903866261386762,0.004093007675456265,0.7931693667930979,-0.01653575024762565,0.25206034270527783,-0.3761323809741358,1.7492242025271545,-1.0182496443282278,-0.6992382172851277,-0.49235807399351306,0.542704397976724,-1.0388597897868805,0.13571859054799862,0.16491014342655733,342.88,0
860,-0.33130838318332273,-0.6122367345077503,-1.085150526557798,-0.8254105299789551,2.9490944253087252,1.2446795807367868,-1.3510743662080213,-1.3224579567435701,0.4818660617184915,0.547264797377967,0.5488838353173644,-0.25495579355369785,-0.12545426000290022,0.3278795241593574,0.08589300629333041,-2.219300372747535,-0.22979963057519381,-0.8514064342603136,0.17521141890851205,2.98525900260341,0.3674816654743044,-0.3135296861723979,0.9218015019772522,0.4826878872092127,0.4200944904518413,0.606850593215671,2.0565435648295414,-1.1308884353259157,81.02,0
870,-0.9878088345880198,0.5347785458050096,-1.0370175693877663,0.7438156985004581,0.11210494682451708,1.7446391732586815,-0.2810196472715856,0.42496611624754527,-0.7796562804607097,-0.2878930064412945,0.10574947944435283,-1.527219922471374,-1.417623934184772,0.5998592998356451,-0.1460868215316796,-0.5929265330480219,-0.7369861804167557,-0.6984887957236937,0.11255071500822862,0.4450358641161897,-2.092107229625224,1.412834056769892,1.3417007629419926,-2.3306547635468995,1.0859266963227974,1.0552188513310425,0.0004454941875451166,-1.2971686218848764,206.57,0
880,0.32782117284308526,0.9242701395378298,-1.0138959522925377,0.08568716140335904,-0.9254246260595873,0.2553837556743171,-0.8953463223630241,-0.4081008391602206,-0.9958153947902291,0.651136241823657,0.8584511166566653,-0.2346205699574138,0.03823799496002834,-1.4485914146335441,-0.29967664800678706,-0.05020461704174478,2.620793091029975,-1.1119670257741636,1.4641772387524374,0.996858773465808,0.2806364044901364,1.7586204841951334,0.3721054726068629,0.3891591956679287,-0.053120653017545344,1.2235688824186275,1.0964692338108837,-0.6256772874962124,226.2,0
890,0.33372786356187306,-0.2976109621166948,-0.09012474099101125,1.0233855816274011,-0.1845846632453155,-0.6981955330916091,-0.2757021929208664,0.9406961438226822,0.4961649055979363,0.04426797334911382,0.19153929944483014,-0.559742473595482,-0.19394940044265363,-0.6633043217745173,-0.29477928429974354,1.3461782636266248,-1.07787181137719,-0.688717666422915,-1.2542988629357519,-1.4709087571875983,-0.18677191419529146,-0.6176091818007866,1.7616889307921924,-0.2828465461777933,1.2893968634300244,0.9680064749406335,-0.2089541552240141,2.110135582085623,3.65,0
900,0.5987943895619102,0.6683404887180808,-0.7341737987784958,0.08199555641356042,0.4572804046152411,1.4558223221467665,0.7045065398247231,0.7890566873755189,0.08382662792936094,1.4104591452035038,0.4097627959594974,-0.8610879101735704,1.4033699701251907,0.6979032725390276,-0.4430440211284823,-0.47949296739924335,0.2965755451407618,0.4631847952675847,0.19729226563120644,0.3113086734428849,1.6999573745763805,1.0715431522348857,0.19063559126502433,0.9413105807674833,-1.0325239035275395,0.39792704994680894,1.80930634973311,-0.21804589539237385,136.2,0
910,-0.6303124792529813,-1.008055477111948,-0.7580853266871995,-0.6873843120907001,0.850647667782251,-0.15674207578227609,-1.3723746002994057,0.031044897762356697,0.22226613244824175,-0.47933686144085164,1.1558850841927,-0.42093888569228466,1.1083376866371504,0.5967827796749764,0.9266055080444071,-1.0985508408063949,0.09831019223810258,-0.05282800457476905,-1.422006524907533,1.1050607298029094,-0.8174008969073498,-0.6095678288359828,-1.0133158355977259,0.7011863260703732,-1.5259297187725958,0.6178748004645681,1.0445139862434607,0.5371784276257605,389.23,0
920,-0.6967718184295749,0.5820265670847269,0.26044226333355597,-0.5388418561927383,-1.008554684076208,-1.962625691672579,0.3496500472996937,-1.5648027713620551,0.0953441994413082,-0.2634482160822491,0.6791427754381955,-0.3020454994898642,-0.3294477863470914,0.7318707042882956,0.3350580290841175,0.3161559571827783,0.46926758980852623,-1.5355721232071058,0.756788679986982,0.6124687940136023,-1.0166831285764972,-0.2440804736742013,-0.039307287627631186,-0.1344967844017327,0.33385996656853467,1.4313667818311835,1.0817667276728287,-1.3122191934314063,116.78,0
930,1.3349032478434442,0.6297498783986742,1.0714113018874913,2.020049106929647,0.9667604626089467,0.3305733926254358,1.633948183523648,1.7547755448465847,1.7687717832594205,-0.4921435151960026,-1.354018358498404,-0.5531921834348867,0.7036416157931751,0.15915894533210567,-0.20648098517684707,0.5604813988049354,-1.4708050816732672,0.1411692986915413,1.118457644847877,0.5493156445582286,0.6918098218337286,1.5973727899525147,-0.06614328487366697,-0.6530916613503364,1.189515042665042,1.171120631033927,0.5582916747557968,-0.16037100058244824,84.51,0
940,1.9625871905307948,0.0036956718478473255,1.0114630354083562,1.341475915530881,-0.742484232538384,-0.4853058353678683,1.230874513154735,1.6850142787085094,0.5628808601743548,-0.8798143535020543,1.9870611116994412,-0.5309708978119645,-0.33513778117145177,0.34233783448962146,1.5541604207147741,0.8539759765522237,0.41486550036191044,0.4632885301181062,0.04351466864346608,0.5581395145185063,-2.529560077694303,-0.29660745906979835,0.241321934916781,-1.151014083619507,0.38632331781156,-0.20447122098612153,1.75547569831549,1.5730197252148563,178.11,0
950,-0.8074354014696146,-0.14900519936386536,0.9315712686810645,0.2612666841318994,0.3319425566668639,0.7991788199053993,0.4287906399387243,-0.3411079025487173,-0.1664691282352289,0.21187867865182275,-0.8955560935463348,0.9960086593886697,0.2886539308074841,0.07477626792196859,1.192496559031471,-0.12011364321136973,-0.182420997152417,-0.4846287640039644,0.3430670089259352,0.30845010833151476,-0.6662842005099068,-0.17769397711340018,-0.659602268519233,-0.7048684538154905,-1.729897831726847,-0.23091025368155538,-1.7022132660800113,-0.4628156863395111,399.35,0
960,-1.2032008553891445,-1.042044412243103,-0.48720292119492714,-0.3519213178165091,-0.7699960661974573,-1.2961166642498945,-0.4561208274741882,0.18142662011397137,0.5950294658355647,-0.5574230531083212,-0.41299782214343406,-0.9266983088473107,-0.03143917037477642,-0.8484286341908146,0.5731278132412001,-1.7858664919341112,-0.3596296724524624,0.3011073391917421,0.18383451632250436,2.6930336639804966,0.34980002456790754,-1.0040545968420103,-0.09546424708907303,-1.7762463334664518,-0.08059974929676088,-0.8330560570007587,0.9153902755601617,-0.5495402745955349,29.43,0
970,-1.185860547130203,-2.3219564173418106,0.5418420893363174,1.6411595390915734,1.1294735893439463,0.6816906899038048,-0.4141211679455457,0.8058902285478261,1.223853198573728,0.13682182967129333,-1.1843601723120227,-0.49938429859137107,1.7026964883479363,-0.07474416815016639,-3.324755719911096,-1.4689234636701936,-0.42444870314248145,1.0358252384175684,-0.2731223524069119,1.0544316549732602,-0.5261623535474892,-1.9642925222356131,-0.4915611585980846,0.34494500154628505,0.2619503493413132,-1.2551077492566356,-0.3511962018037653,2.6846742380640736,322.73,0
980,0.29562448874709507,-1.5166425494207911,1.4769344261182744,-1.167779551267935,0.2167755637626291,-1.097302527632844,-0.5888668267386961,-0.8372624310497003,-0.6078752606758179,-0.5391227031489786,-0.5482687949250771,0.8333339117803071,-1.10486279306252,0.22054142701386686,1.2179591523055584,-0.513196364513396,-0.7179188907476018,-0.23052462518025083,1.1797252083607102,0.1941076309533577,-0.5312142946075985,0.48387665118803974,-1.1022921498364233,0.681359510442948,0.4086073077017676,-0.3078084711388841,-0.838585798447231,-0.8866809222834573,1.33,0
990,0.2961848047310136,0.3752169571571625,1.354019142371523,0.6888909324916298,-0.1418016249960874,-1.1838851760524995,-0.7145470084708703,-0.26170506767822693,0.8291298273361137,-0.02733193410609337,-0.6561959548884432,-0.7328928857272259,-0.06957820892122617,0.8899875622171,1.5910193057751172,-0.20576859802966765,-0.044743180762598096,-1.213941706157383,1.9391925690994662,-1.401002838156084,1.1716623117805505,-0.3653359530124707,-0.599366493840319,-1.1100035718859267,2.4100486494071336,0.2214916232783944,0.02128043710406337,0.8867323595545424,251.14,0
